image,condition,ty,tx,fg_fraction,skel_per_tile_mm2,skel_per_fg_mm2,branch_per_100um,endpoint_per_100um,endpoint_branch_ratio,mean_thickness_um,mean_seg_len_um,n_branch,n_endpoint,frag_score,cluster
F_WT_2,WT,200,400,0.0877,46014.5,524980.0,5.072,12.68,2.5,1.958,3.752,4,10,-3.401,1
F_WT_2,WT,200,600,0.2413,128864.7,534043.7,4.075,14.035,3.444,1.991,3.174,9,31,-1.109,1
F_WT_2,WT,200,800,0.3229,167512.1,518854.2,4.528,11.494,2.538,2.042,3.08,13,33,-2.231,1
F_WT_2,WT,200,1000,0.2779,146980.7,528802.6,2.779,16.275,5.857,1.873,3.264,7,41,1.034,0
F_WT_2,WT,200,1200,0.2188,117029.0,534989.6,3.988,18.446,4.625,1.858,2.843,8,37,1.024,0
F_WT_2,WT,200,1400,0.1706,83454.1,489251.7,2.796,16.08,5.75,2.055,3.357,4,23,0.785,1
F_WT_2,WT,400,200,0.0311,18478.3,593679.1,3.157,15.787,5.0,1.542,5.286,1,5,-2.916,2
F_WT_2,WT,400,400,0.2018,99516.9,493268.4,5.276,14.657,2.778,2.116,3.113,9,25,-1.904,1
F_WT_2,WT,400,600,0.224,128140.1,571990.2,2.732,15.936,5.833,1.652,3.174,6,35,1.116,2
F_WT_2,WT,400,800,0.213,126087.0,592096.5,3.702,16.196,4.375,1.594,3.787,8,35,-0.972,2
F_WT_2,WT,400,1000,0.1941,107367.1,553296.3,4.891,17.389,3.556,1.744,3.121,9,32,-0.683,0
F_WT_2,WT,400,1200,0.2277,134420.3,590404.3,5.209,12.587,2.417,1.664,3.392,12,29,-2.965,1
F_WT_2,WT,400,1400,0.3294,177053.1,537542.7,6.591,13.84,2.1,2.083,2.952,20,42,-2.99,1
F_WT_2,WT,400,1600,0.2246,123188.4,548418.1,4.263,15.629,3.667,1.792,2.966,9,33,-0.416,0
F_WT_2,WT,400,1800,0.1616,88647.3,548645.2,5.923,19.087,3.222,1.795,3.073,9,29,-0.993,0
F_WT_2,WT,400,2000,0.0341,23309.2,683052.9,7.509,15.018,2.0,1.733,2.303,3,6,-2.302,0
F_WT_2,WT,600,0,0.0794,46376.8,583907.0,1.258,16.355,13.0,1.554,4.031,1,13,3.284,3
F_WT_2,WT,600,200,0.2175,119565.2,549788.3,2.44,16.591,6.8,1.691,3.314,5,34,1.588,3
F_WT_2,WT,600,400,0.3282,164492.8,501196.7,4.256,10.286,2.417,2.04,3.697,12,29,-3.395,1
F_WT_2,WT,600,600,0.1396,73913.0,529368.3,3.947,22.102,5.6,1.587,3.129,5,28,1.862,0
F_WT_2,WT,600,800,0.187,121739.1,651011.4,3.355,11.023,3.286,1.469,3.763,7,23,-2.397,2
F_WT_2,WT,600,1000,0.1655,99154.6,599030.9,4.119,14.71,3.571,1.512,3.628,7,25,-1.658,2
F_WT_2,WT,600,1200,0.15,92995.2,619967.8,6.274,19.449,3.1,1.561,3.126,10,31,-1.268,0
F_WT_2,WT,600,1400,0.1781,101207.7,568343.3,4.612,18.447,4.0,1.582,3.076,8,32,0.005,0
F_WT_2,WT,600,1600,0.1505,83454.1,554696.6,5.593,16.08,2.875,1.723,3.453,8,23,-2.273,0
F_WT_2,WT,600,1800,0.2696,150603.9,558671.5,4.649,17.046,3.667,1.73,3.326,12,44,-0.899,0
F_WT_2,WT,600,2000,0.1214,63768.1,525381.0,5.49,15.554,2.833,1.837,3.504,6,17,-2.434,0
F_WT_2,WT,800,0,0.1651,91666.7,555219.1,3.182,13.366,4.2,1.608,3.64,5,21,-1.164,2
F_WT_2,WT,800,200,0.2901,158574.9,546574.3,3.311,12.878,3.889,1.881,3.402,9,35,-1.099,1
F_WT_2,WT,800,400,0.1989,111231.9,559094.7,5.77,16.26,2.818,1.788,2.954,11,31,-1.56,0
F_WT_2,WT,800,600,0.2151,117995.2,548559.6,4.45,14.834,3.333,1.778,3.192,9,30,-1.229,0
F_WT_2,WT,800,800,0.1871,116062.8,620242.1,4.022,16.086,4.0,1.606,2.725,8,32,0.371,0
F_WT_2,WT,800,1000,0.1673,99033.8,592130.4,2.357,18.852,8.0,1.637,2.821,4,32,3.433,3
F_WT_2,WT,800,1200,0.1673,104830.9,626510.8,2.783,18.923,6.8,1.504,3.525,5,34,1.611,3
F_WT_2,WT,800,1400,0.164,99396.1,605981.6,4.109,21.132,5.143,1.56,3.003,7,36,1.549,0
F_WT_2,WT,800,1600,0.1464,89009.7,607781.9,3.277,9.832,3.0,1.479,3.854,5,15,-2.894,2
F_WT_2,WT,800,1800,0.2288,128623.2,562102.9,6.351,15.876,2.5,1.752,3.243,14,35,-2.635,0
F_WT_2,WT,800,2000,0.2865,166425.1,580890.5,5.609,12.971,2.312,1.803,3.197,16,37,-2.862,1
F_WT_2,WT,1000,0,0.2779,170893.7,614836.2,6.487,13.656,2.105,1.634,2.632,19,40,-2.446,0
F_WT_2,WT,1000,200,0.2399,139372.0,581019.2,2.93,13.815,4.714,1.682,3.585,7,33,-0.612,2
F_WT_2,WT,1000,400,0.1609,107729.5,669439.0,3.791,15.164,4.0,1.45,3.654,7,28,-1.211,2
F_WT_2,WT,1000,600,0.2293,134420.3,586092.4,4.774,16.494,3.455,1.736,3.158,11,38,-0.928,0
F_WT_2,WT,1000,800,0.1374,86473.4,629126.4,1.349,20.916,15.5,1.368,4.307,2,31,4.798,3
F_WT_2,WT,1000,1000,0.1683,102536.2,609427.8,3.983,18.777,4.714,1.511,2.849,7,33,1.133,0
F_WT_2,WT,1000,1200,0.1508,96014.5,636700.9,4.254,13.976,3.286,1.512,3.238,7,23,-1.405,0
F_WT_2,WT,1000,1400,0.1305,85869.6,657752.3,4.756,16.986,3.571,1.487,3.451,7,25,-1.223,0
F_WT_2,WT,1000,1600,0.1858,117632.9,633030.3,3.472,16.864,4.857,1.47,3.414,7,34,0.126,2
F_WT_2,WT,1000,1800,0.3005,163164.3,543021.1,4.291,12.515,2.917,1.893,3.432,12,35,-2.246,1
F_WT_2,WT,1000,2000,0.2154,120289.9,558383.9,4.85,12.611,2.6,1.833,3.366,10,26,-2.607,1
F_WT_2,WT,1000,2200,0.0972,48430.0,498122.4,3.614,13.252,3.667,2.008,3.751,3,11,-1.852,1
F_WT_2,WT,1000,2400,0.2004,118840.6,593164.9,4.909,11.783,2.4,1.873,2.922,10,24,-2.211,1
F_WT_2,WT,1200,0,0.1964,109420.3,557058.9,3.732,20.262,5.429,1.66,3.063,7,38,1.585,0
F_WT_2,WT,1200,200,0.1349,83091.8,615951.0,5.617,13.341,2.375,1.475,3.349,8,19,-2.997,0
F_WT_2,WT,1200,400,0.1278,77777.8,608470.8,1.5,18.003,12.0,1.503,3.203,2,24,4.543,3
F_WT_2,WT,1200,600,0.1153,68115.9,590643.3,3.426,17.987,5.25,1.473,3.034,4,21,1.196,0
F_WT_2,WT,1200,800,0.1798,102415.5,569686.9,3.988,18.23,4.571,1.593,2.659,7,32,1.248,0
F_WT_2,WT,1200,1000,0.132,78019.3,591279.5,2.243,14.956,6.667,1.452,4.811,3,20,-1.166,2
F_WT_2,WT,1200,1200,0.2251,139372.0,619087.1,3.349,10.884,3.25,1.61,3.466,8,26,-1.96,2
F_WT_2,WT,1200,1400,0.1234,62922.7,510115.2,2.782,22.254,8.0,1.523,4.142,3,24,1.878,3
F_WT_2,WT,1200,1600,0.1938,108816.4,561488.3,3.217,11.796,3.667,1.597,4.184,6,22,-2.655,2
F_WT_2,WT,1200,1800,0.2533,149275.4,589380.6,5.472,14.852,2.714,1.766,2.949,14,38,-1.745,0
F_WT_2,WT,1200,2000,0.1792,98550.7,550025.0,4.736,14.801,3.125,1.719,3.564,8,25,-2.107,0
F_WT_2,WT,1200,2200,0.2835,156280.2,551301.5,4.48,11.573,2.583,1.763,3.113,12,31,-2.216,1
F_WT_2,WT,1200,2400,0.2371,130434.8,550067.6,4.026,16.103,4.0,1.702,2.56,9,36,0.64,0
F_WT_2,WT,1200,2600,0.3356,179347.8,534409.5,5.856,12.687,2.167,2.11,2.991,18,39,-2.821,1
F_WT_2,WT,1200,2800,0.2977,149033.8,500575.4,5.481,14.485,2.643,2.24,2.782,14,37,-1.599,1
F_WT_2,WT,1200,3000,0.0928,23671.5,320752.0,2.465,7.394,3.0,4.068,3.911,1,3,-3.055,1
F_WT_2,WT,1400,0,0.2053,139855.1,681305.9,4.172,12.933,3.1,1.42,3.022,10,31,-1.331,0
F_WT_2,WT,1400,200,0.2027,131884.1,650717.0,3.097,12.387,4.0,1.481,3.682,7,28,-1.494,2
F_WT_2,WT,1400,400,0.1789,104951.7,586732.0,6.115,14.454,2.364,1.535,3.417,11,26,-3.167,0
F_WT_2,WT,1400,600,0.1159,72343.0,623915.4,2.419,19.356,8.0,1.526,4.409,3,24,0.949,2
F_WT_2,WT,1400,800,0.2578,150724.6,584600.6,6.968,15.871,2.278,1.819,2.811,18,41,-2.437,0
F_WT_2,WT,1400,1000,0.255,134541.1,527508.6,3.903,10.841,2.778,1.812,3.009,9,25,-1.773,1
F_WT_2,WT,1400,1200,0.2559,140217.4,547884.7,2.913,15.396,5.286,1.771,3.039,7,37,0.885,0
F_WT_2,WT,1400,1400,0.1623,92632.9,570662.9,5.669,19.525,3.444,1.549,3.85,9,31,-1.887,0
F_WT_2,WT,1400,1600,0.1545,98792.3,639225.3,3.543,17.127,4.833,1.459,3.215,6,29,0.459,0
F_WT_2,WT,1400,1800,0.1136,81884.1,720969.0,4.275,14.963,3.5,1.304,3.475,6,21,-1.476,2
F_WT_2,WT,1400,2000,0.0653,28140.1,431100.7,2.073,16.587,8.0,1.353,2.92,1,8,2.885,3
F_WT_2,WT,1400,2200,0.2743,146859.9,535301.3,4.767,12.316,2.583,1.905,2.93,12,31,-1.926,1
F_WT_2,WT,1400,2400,0.268,133816.4,499315.0,5.232,17.004,3.25,1.937,2.862,12,39,-0.702,0
F_WT_2,WT,1400,2600,0.2574,138888.9,539688.7,6.301,18.063,2.867,1.695,2.813,15,43,-1.216,0
F_WT_2,WT,1400,2800,0.3788,185990.3,490966.4,4.705,13.803,2.933,2.145,2.964,15,44,-1.437,1
F_WT_2,WT,1400,3000,0.1735,71980.7,521788.2,8.106,15.401,1.9,2.339,2.844,10,19,-3.524,1
F_WT_2,WT,1600,0,0.2742,150966.2,550469.2,4.251,10.821,2.545,1.921,3.477,11,28,-2.854,1
F_WT_2,WT,1600,200,0.212,126449.3,596529.2,4.153,14.304,3.444,1.687,4.128,9,31,-2.638,2
F_WT_2,WT,1600,400,0.1974,127415.5,645386.6,3.663,13.279,3.625,1.502,3.211,8,29,-1.019,2
F_WT_2,WT,1600,600,0.1547,100724.6,651307.1,7.53,16.798,2.231,1.387,3.258,13,29,-3.325,0
F_WT_2,WT,1600,800,0.2106,131038.6,622289.7,4.452,10.241,2.3,1.506,3.016,10,23,-2.479,1
F_WT_2,WT,1600,1000,0.1943,124033.8,638280.3,3.293,13.641,4.143,1.592,3.491,7,29,-0.948,2
F_WT_2,WT,1600,1200,0.1598,99275.4,621053.3,3.526,11.166,3.167,1.558,3.765,6,19,-2.521,2
F_WT_2,WT,1600,1400,0.1372,95652.2,697173.3,2.44,15.249,6.25,1.381,3.56,4,25,0.657,2
F_WT_2,WT,1600,1600,0.1251,85024.2,679785.4,1.372,11.666,8.5,1.233,4.264,2,17,0.093,2
F_WT_2,WT,1600,1800,0.119,88164.3,741187.5,2.647,21.177,8.0,1.229,2.94,4,32,3.64,3
F_WT_2,WT,1600,2000,0.0966,61473.4,636370.9,4.745,18.033,3.8,1.317,3.619,5,19,-1.14,0
F_WT_2,WT,1600,2200,0.2223,129347.8,581796.1,3.609,13.532,3.75,1.573,3.376,8,30,-1.141,2
F_WT_2,WT,1600,2400,0.1693,91666.7,541365.2,1.273,15.912,12.5,1.567,3.602,2,25,3.685,3
F_WT_2,WT,1600,2600,0.19,118719.8,625005.6,1.966,16.709,8.5,1.538,2.864,4,34,3.25,3
F_WT_2,WT,1600,2800,0.3088,164734.3,533422.8,6.021,13.104,2.176,1.907,2.761,17,37,-2.452,1
F_WT_2,WT,1600,3000,0.0574,25000.0,548245.6,4.668,14.003,3.0,1.957,3.637,2,6,-2.426,1
F_WT_2,WT,1800,0,0.0973,49637.7,510019.8,2.351,11.754,5.0,2.146,3.2,2,10,-0.024,1
F_WT_2,WT,1800,200,0.3148,182246.4,578973.5,4.482,10.885,2.429,1.899,3.067,14,34,-2.373,1
F_WT_2,WT,1800,400,0.2353,162922.7,692404.2,4.297,11.46,2.667,1.447,3.489,12,32,-2.699,2
F_WT_2,WT,1800,600,0.2059,130434.8,633639.9,5.815,16.103,2.769,1.495,3.135,13,36,-1.941,0
F_WT_2,WT,1800,800,0.189,110024.2,581984.4,4.773,15.378,3.222,1.676,3.66,9,29,-2.106,2
F_WT_2,WT,1800,1000,0.2481,153502.4,618649.5,5.701,9.882,1.733,1.683,3.289,15,26,-4.066,1
F_WT_2,WT,1800,1200,0.0773,45048.3,582584.0,1.295,15.542,12.0,1.331,3.368,1,12,3.783,3
F_WT_2,WT,1800,1400,0.1219,87681.2,719140.1,3.992,10.647,2.667,1.302,4.548,6,16,-4.413,2
F_WT_2,WT,1800,1600,0.2075,111594.2,537868.2,3.137,15.162,4.833,1.918,3.087,6,29,0.439,1
F_WT_2,WT,1800,1800,0.0927,59178.7,638045.8,5.915,23.662,4.0,1.413,2.873,6,24,0.78,0
F_WT_2,WT,1800,2000,0.1771,112439.6,635072.7,3.113,15.567,5.0,1.512,3.794,6,30,-0.528,2
F_WT_2,WT,1800,2200,0.1239,78623.2,634569.7,3.71,20.778,5.6,1.451,3.102,5,28,1.728,0
F_WT_2,WT,1800,2400,0.1358,68719.8,505850.6,2.547,18.678,7.333,1.679,4.49,3,22,0.329,2
F_WT_2,WT,1800,2600,0.1843,93236.7,505965.1,5.006,23.779,4.75,1.788,2.533,8,38,2.241,0
F_WT_2,WT,1800,2800,0.2487,136835.7,550148.8,5.543,12.791,2.308,1.79,2.761,13,30,-2.158,1
F_WT_2,WT,2000,0,0.0318,20169.1,635246.7,0.0,11.571,4.0,1.591,5.981,0,4,-3.292,2
F_WT_2,WT,2000,200,0.3118,167995.2,538877.8,5.904,9.724,1.647,1.888,3.447,17,28,-4.532,1
F_WT_2,WT,2000,400,0.1869,119927.5,641666.9,4.865,15.081,3.1,1.537,3.089,10,31,-1.363,0
F_WT_2,WT,2000,600,0.1724,96256.0,558410.7,4.243,22.427,5.286,1.641,3.167,7,37,1.574,0
F_WT_2,WT,2000,800,0.1653,102536.2,620210.1,3.983,13.087,3.286,1.406,4.589,7,23,-3.634,2
F_WT_2,WT,2000,1000,0.1602,101811.6,635428.9,4.011,16.046,4.0,1.636,3.028,7,28,-0.122,0
F_WT_2,WT,2000,1200,0.1638,110144.9,672435.5,2.119,12.713,6.0,1.412,3.597,4,24,0.08,2
F_WT_2,WT,2000,1400,0.3559,209903.4,589699.1,5.837,11.952,2.048,1.896,2.927,21,43,-2.934,1
F_WT_2,WT,2000,1600,0.3043,178502.4,586648.3,4.576,8.825,1.929,1.944,3.042,14,27,-3.097,1
F_WT_2,WT,2000,1800,0.1909,120531.4,631385.0,2.904,14.038,4.833,1.508,3.26,6,29,0.03,2
F_WT_2,WT,2000,2000,0.1475,90700.5,614710.2,1.287,14.152,11.0,1.362,4.083,2,22,1.934,3
F_WT_2,WT,2000,2200,0.1141,68357.5,599232.9,3.414,17.07,5.0,1.506,3.872,4,20,-0.474,2
F_WT_2,WT,2000,2400,0.1116,47101.4,421867.0,2.477,14.864,6.0,1.673,4.406,2,12,-0.922,2
F_WT_2,WT,2000,2600,0.2115,117512.1,555678.3,4.965,17.377,3.5,1.674,2.924,10,35,-0.438,0
F_WT_2,WT,2000,2800,0.2254,115579.7,512832.9,3.534,17.668,5.0,1.812,2.922,7,35,1.135,0
F_WT_2,WT,2200,200,0.2411,115700.5,479935.6,2.521,12.607,5.0,2.259,3.118,5,25,0.212,1
F_WT_2,WT,2200,400,0.3143,195169.1,620964.3,4.783,11.958,2.5,1.627,2.944,16,40,-2.08,1
F_WT_2,WT,2200,600,0.1384,95169.1,687637.9,2.452,12.261,5.0,1.368,4.843,4,20,-2.622,2
F_WT_2,WT,2200,800,0.1312,93719.8,714463.9,5.603,13.073,2.333,1.391,3.564,9,21,-3.418,2
F_WT_2,WT,2200,1000,0.1347,93478.3,693973.7,4.369,16.852,3.857,1.303,3.594,7,27,-1.126,2
F_WT_2,WT,2200,1200,0.1703,103019.3,605106.2,4.531,19.256,4.25,1.554,2.765,8,34,0.857,0
F_WT_2,WT,2200,1400,0.2393,138888.9,580396.5,3.781,12.182,3.222,1.762,2.936,9,29,-1.074,1
F_WT_2,WT,2200,1600,0.2122,129589.4,610622.6,4.502,14.407,3.2,1.567,3.035,10,32,-1.165,0
F_WT_2,WT,2200,1800,0.1246,77657.0,623125.4,3.757,22.539,6.0,1.43,3.749,5,30,1.238,0
F_WT_2,WT,2200,2000,0.2462,123188.4,500409.9,3.789,13.735,3.625,1.744,3.528,8,29,-1.501,2
F_WT_2,WT,2200,2200,0.1791,94565.2,528076.0,4.936,21.594,4.375,1.645,3.19,8,35,0.535,0
F_WT_2,WT,2200,2400,0.1961,120410.6,614104.9,4.845,17.928,3.7,1.563,2.767,10,37,0.109,0
F_WT_2,WT,2200,2600,0.1461,80555.6,551278.4,0.724,18.831,26.0,1.527,4.861,1,26,7.358,3
F_WT_2,WT,2200,2800,0.187,103019.3,551052.8,3.398,11.327,3.333,1.813,3.479,6,20,-1.872,1
F_WT_2,WT,2400,400,0.2833,174879.2,617239.0,3.003,14.68,4.889,1.744,3.099,9,44,0.407,0
F_WT_2,WT,2400,600,0.1617,106159.4,656419.4,3.298,16.488,5.0,1.466,3.835,6,30,-0.484,2
F_WT_2,WT,2400,800,0.1218,74758.5,613528.6,3.122,18.731,6.0,1.634,3.365,4,24,1.315,0
F_WT_2,WT,2400,1000,0.1908,109178.7,572215.6,6.947,20.307,2.923,1.815,2.638,13,38,-0.781,0
F_WT_2,WT,2400,1200,0.2568,151449.3,589813.2,4.238,10.401,2.455,1.655,3.414,11,27,-2.882,1
F_WT_2,WT,2400,1400,0.1782,102777.8,576674.3,3.406,17.03,5.0,1.624,3.431,6,30,0.235,2
F_WT_2,WT,2400,1600,0.1073,50000.0,465983.2,4.668,18.67,4.0,1.458,5.216,4,16,-3.44,2
F_WT_2,WT,2400,1800,0.1699,102777.8,604931.0,6.244,14.76,2.364,1.622,2.909,11,26,-2.354,0
F_WT_2,WT,2400,2000,0.1668,87801.9,526548.3,4.652,18.606,4.0,1.707,2.642,7,28,0.721,0
F_WT_2,WT,2400,2200,0.2101,120169.1,572029.4,4.855,14.08,2.9,1.678,3.153,10,29,-1.786,0
F_WT_2,WT,2400,2400,0.2654,152173.9,573429.7,5.751,16.87,2.933,1.701,3.121,15,44,-1.621,0
F_WT_2,WT,2400,2600,0.2057,107729.5,523594.0,4.874,21.122,4.333,1.866,3.039,9,39,0.687,0
F_WT_2,WT,2400,2800,0.2047,107729.5,526215.5,2.708,21.122,7.8,1.771,2.976,5,39,3.457,3
F_WT_2,WT,2600,400,0.2021,103744.0,513202.9,3.937,12.935,3.286,1.782,2.989,7,23,-1.052,1
F_WT_2,WT,2600,600,0.2653,163164.3,614902.0,5.364,11.443,2.133,1.664,3.009,15,32,-2.843,1
F_WT_2,WT,2600,800,0.1822,110024.2,603781.9,4.773,11.666,2.444,1.536,3.558,9,22,-3.162,2
F_WT_2,WT,2600,1000,0.1436,100000.0,696621.4,4.084,14.586,3.571,1.413,2.767,7,25,-0.272,0
F_WT_2,WT,2600,1200,0.225,130434.8,579839.0,5.368,14.314,2.667,1.636,3.513,12,32,-2.741,0
F_WT_2,WT,2600,1400,0.134,73792.3,550688.6,2.372,13.441,5.667,1.465,4.809,3,17,-1.982,2
F_WT_2,WT,2600,1600,0.1536,91787.4,597574.5,2.543,18.434,7.25,1.53,2.962,4,29,2.714,3
F_WT_2,WT,2600,1800,0.2086,114009.7,546612.3,4.606,16.376,3.556,1.716,3.361,9,32,-1.137,0
F_WT_2,WT,2600,2000,0.1667,96497.6,578782.9,4.837,19.348,4.0,1.644,3.173,8,32,-0.075,0
F_WT_2,WT,2600,2200,0.1479,76690.8,518706.9,3.804,20.541,5.4,1.633,3.228,5,27,1.33,0
F_WT_2,WT,2600,2400,0.2157,124516.9,577402.8,4.686,14.994,3.2,1.637,3.278,10,32,-1.534,0
F_WT_2,WT,2600,2600,0.2875,153019.3,532194.8,4.575,16.395,3.583,1.837,3.174,12,43,-0.799,0
F_WT_2,WT,2600,2800,0.1152,61111.1,530363.3,4.774,22.913,4.8,1.711,3.267,5,24,1.006,0
F_WT_2,WT,2800,400,0.1046,55797.1,533433.1,6.274,12.548,2.0,1.615,3.624,6,12,-4.226,1
F_WT_2,WT,2800,600,0.2425,141545.9,583634.2,4.534,16.9,3.727,1.647,3.358,11,41,-0.889,0
F_WT_2,WT,2800,800,0.2183,144927.5,663739.6,5.233,16.908,3.231,1.576,3.18,13,42,-1.249,0
F_WT_2,WT,2800,1000,0.1326,80314.0,605914.8,3.632,18.161,5.0,1.553,3.637,5,25,0.038,2
F_WT_2,WT,2800,1200,0.1462,87922.7,601283.7,3.318,13.935,4.2,1.535,3.748,5,21,-1.286,2
F_WT_2,WT,2800,1400,0.1878,117029.0,622991.7,3.988,18.446,4.625,1.565,3.426,8,37,0.08,0
F_WT_2,WT,2800,1600,0.2213,126570.0,571938.8,4.149,13.829,3.333,1.773,3.375,9,30,-1.576,1
F_WT_2,WT,2800,1800,0.1786,106521.7,596342.8,3.834,14.789,3.857,1.504,3.833,7,27,-1.676,2
F_WT_2,WT,2800,2000,0.1952,110507.2,566050.7,2.64,15.311,5.8,1.625,3.445,5,29,0.569,2
F_WT_2,WT,2800,2200,0.1973,116183.6,588867.6,4.017,16.572,4.125,1.671,3.375,8,33,-0.51,0
F_WT_2,WT,2800,2400,0.1825,106521.7,583760.7,5.477,21.361,3.9,1.598,2.98,10,39,0.281,0
F_WT_2,WT,2800,2600,0.2098,113768.1,542269.4,3.077,17.949,5.833,1.67,3.099,6,35,1.519,0
F_WT_2,WT,3000,400,0.0384,14734.3,456523.6,0.0,19.799,5.0,1.801,5.714,0,5,-0.4,2
F_WT_2,WT,3000,600,0.1649,78623.2,567778.9,3.71,17.068,4.6,1.697,3.638,5,23,-0.435,2
F_WT_2,WT,3000,800,0.1142,52294.7,545304.3,2.231,22.314,10.0,1.469,4.116,2,20,2.994,3
F_WT_2,WT,3000,1000,0.2112,121014.5,682156.1,5.303,10.607,2.0,1.465,4.065,11,22,-4.771,2
F_WT_2,WT,3000,1200,0.1967,94323.7,570880.1,4.948,14.227,2.875,1.723,3.195,8,23,-1.888,0
F_WT_2,WT,3000,1400,0.2182,117512.1,641179.0,3.475,10.426,3.0,1.437,3.731,7,21,-2.678,2
F_WT_2,WT,3000,1600,0.1421,77657.0,650802.5,6.01,15.026,2.5,1.448,4.231,8,20,-4.218,2
F_WT_2,WT,3000,1800,0.1767,87198.1,587390.1,6.022,14.72,2.444,1.641,3.836,9,22,-3.685,0
F_WT_2,WT,3000,2000,0.1403,63164.3,535971.6,3.695,18.474,5.0,1.541,4.515,4,20,-1.347,2
F_WT_2,WT,3000,2200,0.1468,68236.7,553308.0,4.275,11.115,2.6,1.617,3.419,5,13,-2.683,1
F_WT_2,WT,3000,2400,0.2098,96497.6,547581.7,5.442,16.929,3.111,1.679,3.427,9,28,-1.828,0
F_HET_1,HET,0,800,0.1561,86594.2,554646.6,4.043,20.887,5.167,1.724,2.373,6,31,2.56,0
F_HET_1,HET,0,1000,0.393,189130.4,481309.2,5.244,14.499,2.765,2.452,2.87,17,47,-1.533,1
F_HET_1,HET,0,1200,0.235,110507.2,470293.6,3.696,19.007,5.143,2.005,2.963,7,36,1.351,0
F_HET_1,HET,0,1400,0.2661,132004.8,496072.3,4.862,19.005,3.909,2.064,2.966,11,43,0.124,0
F_HET_1,HET,0,1600,0.5165,235628.0,456201.4,4.209,10.152,2.412,2.676,2.624,17,41,-1.662,1
F_HET_1,HET,0,1800,0.0371,21135.3,569683.7,2.761,27.605,10.0,2.259,1.683,1,10,7.931,3
F_HET_1,HET,200,600,0.0514,23550.7,458185.3,0.0,22.297,9.0,1.959,3.13,0,9,5.783,3
F_HET_1,HET,200,800,0.2445,121014.5,494845.6,3.857,16.392,4.25,2.073,3.089,8,34,0.059,1
F_HET_1,HET,200,1000,0.1528,78260.9,512094.7,2.982,20.129,6.75,1.676,3.182,4,27,2.323,3
F_HET_1,HET,200,1200,0.1334,70772.9,530631.3,4.122,21.434,5.2,1.625,2.781,5,26,1.997,0
F_HET_1,HET,200,1400,0.1226,56401.0,460134.3,2.069,19.655,9.5,1.623,3.608,2,19,3.073,3
F_HET_1,HET,200,1600,0.3679,164372.0,446845.1,3.904,14.553,3.727,2.788,3.191,11,41,-0.79,1
F_HET_1,HET,400,0,0.3104,141787.4,456789.4,4.938,14.814,3.0,2.543,3.012,12,36,-1.392,1
F_HET_1,HET,400,200,0.2044,93478.3,457218.2,4.993,16.228,3.25,2.186,2.985,8,26,-0.937,1
F_HET_1,HET,400,400,0.1824,85507.2,468854.0,6.141,14.329,2.333,2.615,2.667,9,21,-2.013,1
F_HET_1,HET,400,600,0.2638,124879.2,473386.0,6.074,14.951,2.462,2.345,3.295,13,32,-2.78,1
F_HET_1,HET,400,800,0.1998,106642.5,533879.9,3.283,19.696,6.0,1.793,3.238,6,36,1.659,0
F_HET_1,HET,400,1000,0.1427,65338.2,457870.8,2.679,25.003,9.333,1.465,2.849,3,28,5.203,3
F_HET_1,HET,400,1200,0.131,73430.0,560427.0,1.589,19.864,12.5,1.566,2.883,2,25,5.649,3
F_HET_1,HET,400,1400,0.1446,81038.6,560530.2,3.6,17.279,4.8,1.465,3.649,5,24,-0.255,2
F_HET_1,HET,400,1600,0.3859,185748.8,481370.4,4.083,14.763,3.615,2.142,2.838,13,47,-0.325,1
F_HET_1,HET,400,1800,0.0539,26932.4,499209.8,4.333,10.832,2.5,2.293,2.325,2,5,-1.058,1
F_HET_1,HET,600,0,0.2156,102415.5,475025.3,4.557,17.091,3.75,2.051,3.007,8,30,-0.28,1
F_HET_1,HET,600,200,0.1844,96980.7,525996.9,3.008,16.845,5.6,1.736,3.233,5,28,0.986,0
F_HET_1,HET,600,400,0.187,91062.8,486966.9,5.126,23.065,4.5,1.898,3.226,8,36,0.768,0
F_HET_1,HET,600,600,0.1575,89251.2,566854.3,3.922,18.958,4.833,1.739,3.011,6,29,1.0,0
F_HET_1,HET,600,800,0.1408,85748.8,609119.5,4.763,17.691,3.714,1.637,3.051,7,26,-0.351,0
F_HET_1,HET,600,1000,0.2682,145169.1,541170.9,3.215,15.674,4.875,1.892,3.384,8,39,0.051,2
F_HET_1,HET,600,1200,0.1267,68478.3,540475.6,2.556,20.448,8.0,1.679,3.406,3,24,2.76,3
F_HET_1,HET,600,1400,0.1606,90579.7,564008.2,1.932,19.968,10.333,1.693,2.721,3,31,4.967,3
F_HET_1,HET,600,1600,0.225,107729.5,478850.8,5.957,23.288,3.909,1.844,2.964,11,43,0.476,0
F_HET_1,HET,600,1800,0.1256,56401.0,448962.9,6.207,16.551,2.667,2.216,3.138,6,16,-2.135,1
F_HET_1,HET,600,2000,0.0896,49154.6,548447.3,3.561,13.057,3.667,2.031,2.759,3,11,-0.26,1
F_HET_1,HET,600,2400,0.085,44082.1,518613.2,0.0,21.177,16.0,1.661,3.829,0,16,6.739,3
F_HET_1,HET,600,2600,0.1113,50966.2,458020.1,3.434,18.316,5.333,1.832,3.282,3,16,0.902,0
F_HET_1,HET,800,0,0.1768,91183.6,515671.3,3.199,19.836,6.2,1.752,3.291,5,31,1.735,0
F_HET_1,HET,800,200,0.2003,110265.7,550434.0,4.233,17.99,4.25,1.708,2.98,8,34,0.388,0
F_HET_1,HET,800,400,0.1008,53864.7,534504.9,0.0,18.414,17.0,1.567,4.359,0,17,5.508,3
F_HET_1,HET,800,600,0.0911,51811.6,568577.2,3.378,16.891,5.0,1.5,3.762,3,15,-0.317,2
F_HET_1,HET,800,800,0.1052,62077.3,590088.4,3.759,21.617,5.75,1.561,3.396,4,23,1.485,0
F_HET_1,HET,800,1000,0.2309,115942.0,502130.9,2.516,18.116,7.2,1.992,3.095,5,36,2.419,3
F_HET_1,HET,800,1200,0.1017,56280.2,553666.4,6.22,20.734,3.333,1.491,5.121,6,20,-4.05,2
F_HET_1,HET,800,1400,0.1283,65096.6,507180.5,5.378,23.303,4.333,1.544,2.783,6,26,1.316,0
F_HET_1,HET,800,1600,0.1308,62439.6,477367.1,2.803,22.426,8.0,1.599,3.062,3,24,3.656,3
F_HET_1,HET,800,1800,0.2852,152536.2,534839.5,4.207,15.3,3.636,1.767,3.137,11,40,-0.749,0
F_HET_1,HET,800,2000,0.3333,180555.6,541761.5,5.17,13.249,2.562,1.747,3.088,16,41,-2.226,1
F_HET_1,HET,800,2200,0.2231,113285.0,507776.9,4.12,17.511,4.25,1.867,2.887,8,34,0.493,0
F_HET_1,HET,800,2400,0.1885,92874.4,492833.1,3.769,21.987,5.833,1.668,2.786,6,35,2.589,0
F_HET_1,HET,800,2600,0.2424,118840.6,490367.6,4.909,13.747,2.8,1.955,3.305,10,28,-2.189,1
F_HET_1,HET,1000,0,0.1888,96739.1,512253.8,4.825,21.109,4.375,1.846,2.981,8,35,0.825,0
F_HET_1,HET,1000,200,0.1247,68599.0,550112.5,4.253,18.711,4.4,1.713,2.83,5,22,0.854,0
F_HET_1,HET,1000,400,0.119,62318.8,523797.8,2.809,22.469,8.0,1.694,3.044,3,24,3.692,3
F_HET_1,HET,1000,600,0.1105,62439.6,564808.8,3.738,19.623,5.25,1.45,4.017,4,21,-0.189,2
F_HET_1,HET,1000,800,0.1479,82971.0,561183.7,3.516,21.096,6.0,1.671,3.389,5,30,1.614,0
F_HET_1,HET,1000,1000,0.1753,103381.6,589825.4,2.822,15.802,5.6,1.582,3.17,5,28,0.947,2
F_HET_1,HET,1000,1200,0.1179,67874.4,575450.6,2.579,17.192,6.667,1.448,2.887,3,20,2.293,3
F_HET_1,HET,1000,1400,0.1424,85990.3,603758.7,3.392,16.962,5.0,1.556,3.159,5,25,0.668,0
F_HET_1,HET,1000,1600,0.0583,29347.8,503825.3,3.976,21.868,5.5,1.474,3.946,2,11,0.425,2
F_HET_1,HET,1000,1800,0.1558,84178.7,540300.0,7.624,18.714,2.455,1.636,3.045,11,27,-2.475,0
F_HET_1,HET,1000,2000,0.1389,85386.5,614954.8,6.15,21.182,3.444,1.486,2.728,9,31,0.025,0
F_HET_1,HET,1000,2200,0.0931,55555.6,596569.7,4.201,22.054,5.25,1.454,2.653,4,21,2.326,0
F_HET_1,HET,1000,2400,0.0875,47584.5,543668.0,6.131,19.618,3.2,1.586,3.432,5,16,-1.588,0
F_HET_1,HET,1000,2600,0.1908,104106.3,545701.9,4.483,19.055,4.25,1.646,2.981,8,34,0.489,0
F_HET_1,HET,1000,2800,0.0655,35628.0,543939.2,3.275,18.014,5.5,1.665,3.153,2,11,1.199,0
F_HET_1,HET,1200,0,0.2138,113768.1,532061.8,4.103,20.001,4.875,1.655,2.941,8,39,1.271,0
F_HET_1,HET,1200,200,0.1392,74275.4,533587.4,3.142,18.852,6.0,1.669,2.709,4,24,2.395,0
F_HET_1,HET,1200,400,0.2134,109541.1,513433.6,3.728,15.979,4.286,1.899,3.454,7,30,-0.537,0
F_HET_1,HET,1200,600,0.1608,86956.5,540606.3,4.026,18.787,4.667,1.706,2.741,6,28,1.265,0
F_HET_1,HET,1200,800,0.1166,64492.8,553229.7,2.714,20.807,7.667,1.734,3.683,3,23,2.182,3
F_HET_1,HET,1200,1000,0.2251,117149.8,520318.7,4.482,14.443,3.222,1.982,3.09,9,29,-1.224,1
F_HET_1,HET,1200,1200,0.2622,134420.3,512565.5,3.906,12.587,3.222,2.189,3.515,9,29,-1.993,1
F_HET_1,HET,1200,1400,0.1219,65821.3,540071.8,5.318,20.387,3.833,1.674,2.559,6,23,0.799,0
F_HET_1,HET,1200,1600,0.1005,60990.3,606718.1,3.826,22.959,6.0,1.395,3.036,4,24,2.452,0
F_HET_1,HET,1200,1800,0.0651,38164.3,586015.4,3.058,16.816,5.5,1.404,3.875,2,11,-0.129,2
F_HET_1,HET,1200,2000,0.1105,66908.2,605641.2,4.36,18.312,4.2,1.401,3.915,5,21,-1.147,2
F_HET_1,HET,1200,2200,0.068,34420.3,505994.7,5.085,27.121,5.333,1.48,2.832,3,16,2.761,0
F_HET_1,HET,1200,2400,0.0895,60748.8,679136.9,4.802,15.367,3.2,1.258,3.871,5,16,-2.478,2
F_HET_1,HET,1200,2600,0.1888,89372.0,473243.2,4.57,22.196,4.857,1.844,3.632,7,34,0.391,0
F_HET_1,HET,1200,2800,0.2439,128140.1,525325.8,6.374,14.57,2.286,1.71,2.595,14,32,-2.011,0
F_HET_1,HET,1200,3000,0.1604,64372.0,477891.5,1.813,19.034,10.5,1.868,3.593,2,21,3.453,3
F_HET_1,HET,1400,0,0.2445,122101.4,499494.6,4.301,16.246,3.778,1.707,3.469,9,34,-1.06,0
F_HET_1,HET,1400,200,0.1206,67995.2,563690.5,2.574,20.594,8.0,1.585,3.434,3,24,2.74,3
F_HET_1,HET,1400,400,0.159,91062.8,572812.1,4.485,21.143,4.714,1.594,3.021,7,33,1.118,0
F_HET_1,HET,1400,600,0.1336,69565.2,520892.7,3.355,18.451,5.5,1.73,3.609,4,22,0.518,2
F_HET_1,HET,1400,800,0.0805,45410.6,563932.0,0.0,20.557,16.0,1.481,4.599,0,16,5.332,3
F_HET_1,HET,1400,1000,0.1638,91304.3,557243.5,4.473,17.253,3.857,1.557,4.465,7,27,-2.504,2
F_HET_1,HET,1400,1200,0.114,77536.2,679993.3,1.505,13.545,9.0,1.269,5.861,2,18,-1.93,2
F_HET_1,HET,1400,1400,0.2061,124396.1,603498.5,5.159,17.823,3.455,1.787,2.803,11,38,-0.276,0
F_HET_1,HET,1400,1600,0.0976,59541.1,609895.6,2.94,21.558,7.333,1.458,3.168,3,22,2.94,3
F_HET_1,HET,1400,1800,0.0868,41304.3,475993.6,5.65,22.601,4.0,1.318,3.806,4,16,-0.822,0
F_HET_1,HET,1400,2000,0.1014,61473.4,605948.1,7.593,19.931,2.625,1.746,2.218,8,21,-0.744,0
F_HET_1,HET,1400,2200,0.0973,60386.5,620462.1,2.899,14.493,5.0,1.358,5.786,3,15,-3.881,2
F_HET_1,HET,1400,2400,0.1383,75724.6,547440.0,5.393,26.967,5.0,1.583,3.022,7,35,2.089,0
F_HET_1,HET,1400,2600,0.1425,80072.5,561813.5,2.186,20.402,9.333,1.713,2.949,3,28,4.195,3
F_HET_1,HET,1400,2800,0.1655,89613.5,541389.7,4.557,20.183,4.429,1.624,3.233,7,31,0.382,0
F_HET_1,HET,1400,3000,0.0808,26328.5,387754.1,2.216,26.592,12.0,1.867,3.143,1,12,6.36,3
F_HET_1,HET,1600,0,0.1983,105193.2,530475.2,2.219,16.639,7.5,1.927,2.946,4,30,2.586,3
F_HET_1,HET,1600,200,0.2135,115579.7,541420.4,4.038,17.668,4.375,1.773,3.167,8,35,0.18,0
F_HET_1,HET,1600,400,0.1819,90821.3,499360.9,3.212,18.63,5.8,2.022,3.404,5,29,1.096,0
F_HET_1,HET,1600,600,0.1435,80555.6,561362.8,3.621,18.831,5.2,1.615,3.723,5,26,0.146,2
F_HET_1,HET,1600,800,0.1484,78623.2,529627.4,2.226,14.099,6.333,1.556,2.495,3,19,2.26,0
F_HET_1,HET,1600,1000,0.0936,59661.8,637583.1,0.978,16.625,17.0,1.316,4.243,1,17,4.561,3
F_HET_1,HET,1600,1200,0.1542,95048.3,616596.2,3.683,11.049,3.0,1.408,4.284,6,18,-3.556,2
F_HET_1,HET,1600,1400,0.0696,46980.7,675495.0,4.968,19.87,4.0,1.308,4.229,4,16,-1.74,2
F_HET_1,HET,1600,1600,0.0839,44806.8,533731.5,5.209,16.928,3.25,1.563,2.788,4,13,-0.586,0
F_HET_1,HET,1600,1800,0.1454,92391.3,635537.8,4.42,15.156,3.429,1.378,3.148,7,24,-1.021,0
F_HET_1,HET,1600,2000,0.1626,84903.4,522321.6,5.497,17.867,3.25,1.69,3.003,8,26,-0.891,0
F_HET_1,HET,1600,2200,0.1694,88888.9,524650.4,3.282,21.004,6.4,1.671,2.617,5,32,3.137,0
F_HET_1,HET,1600,2400,0.1346,75362.3,559898.4,2.323,17.032,7.333,1.519,3.471,3,22,1.709,3
F_HET_1,HET,1600,2600,0.219,127777.8,583327.0,5.023,17.351,3.455,1.637,3.066,11,38,-0.729,0
F_HET_1,HET,1600,2800,0.1435,74758.5,520964.8,3.902,24.194,6.2,1.567,3.062,5,31,2.744,0
F_HET_1,HET,1800,0,0.0895,51207.7,572313.3,3.418,19.369,5.667,1.567,2.953,3,17,1.83,0
F_HET_1,HET,1800,200,0.2228,116062.8,520986.7,3.519,16.589,4.714,1.767,2.869,7,33,0.856,0
F_HET_1,HET,1800,400,0.1327,71859.9,541521.5,4.872,21.11,4.333,1.712,3.288,6,26,0.282,0
F_HET_1,HET,1800,600,0.1187,58212.6,490314.3,2.005,18.041,9.0,1.685,3.438,2,18,2.807,3
F_HET_1,HET,1800,800,0.1035,52657.0,508640.5,3.324,23.268,7.0,1.758,3.658,3,21,2.21,3
F_HET_1,HET,1800,1000,0.1072,61473.4,573446.2,3.796,19.931,5.25,1.659,2.775,4,21,1.861,0
F_HET_1,HET,1800,1200,0.0611,35628.0,583348.7,8.188,19.651,2.4,1.488,4.005,5,12,-4.195,0
F_HET_1,HET,1800,1400,0.1306,79468.6,608488.5,3.671,15.418,4.2,1.573,3.208,5,21,-0.273,0
F_HET_1,HET,1800,1600,0.2178,132125.6,606637.3,4.857,14.131,2.909,1.533,3.217,11,32,-1.875,0
F_HET_1,HET,1800,1800,0.0908,60869.6,670554.3,3.834,22.046,5.75,1.339,3.121,4,23,1.989,0
F_HET_1,HET,1800,2000,0.1481,81642.5,551266.1,4.288,18.58,4.333,1.652,3.524,6,26,-0.35,0
F_HET_1,HET,1800,2200,0.2212,111111.1,502367.4,4.726,18.378,3.889,1.887,3.057,9,35,-0.098,0
F_HET_1,HET,1800,2400,0.2008,111956.5,557552.4,4.169,18.24,4.375,1.754,3.381,8,35,-0.11,0
F_HET_1,HET,1800,2600,0.1983,111715.0,563221.5,2.611,18.801,7.2,1.53,3.282,5,36,2.227,3
F_HET_1,HET,1800,2800,0.0603,26207.7,434622.4,2.226,15.584,7.0,1.793,3.113,1,7,1.869,3
F_HET_1,HET,2000,0,0.0882,44202.9,501450.9,2.64,19.799,7.5,1.687,3.012,2,15,3.003,3
F_HET_1,HET,2000,200,0.1782,84903.4,476316.3,5.497,19.241,3.5,1.969,3.048,8,28,-0.525,0
F_HET_1,HET,2000,400,0.1605,93840.6,584494.4,1.865,19.896,10.667,1.548,3.373,3,32,4.052,3
F_HET_1,HET,2000,600,0.1213,61473.4,506579.6,5.695,22.778,4.0,1.639,3.739,6,24,-0.699,0
F_HET_1,HET,2000,800,0.1336,76207.7,570417.1,2.297,18.374,8.0,1.516,3.703,3,24,1.923,3
F_HET_1,HET,2000,1000,0.1754,106763.3,608597.9,4.372,14.755,3.375,1.569,3.538,8,27,-1.741,2
F_HET_1,HET,2000,1200,0.1986,106884.1,538119.9,4.367,14.738,3.375,1.88,2.914,8,27,-0.732,1
F_HET_1,HET,2000,1400,0.245,129710.1,529375.1,3.149,13.494,4.286,1.897,3.239,7,30,-0.43,1
F_HET_1,HET,2000,1600,0.0744,41666.7,560224.1,2.801,25.205,9.0,1.444,4.396,2,18,2.554,3
F_HET_1,HET,2000,1800,0.1229,63888.9,519950.3,3.653,18.264,5.0,1.727,2.957,4,20,1.15,0
F_HET_1,HET,2000,2000,0.1128,58212.6,516183.2,3.007,20.045,6.667,1.566,2.471,3,20,3.407,0
F_HET_1,HET,2000,2200,0.1731,104468.6,603515.9,5.585,15.638,2.8,1.666,3.312,10,28,-2.178,0
F_HET_1,HET,2000,2400,0.1628,94082.1,577722.6,3.101,19.845,6.4,1.5,3.67,5,32,1.259,2
F_HET_1,HET,2000,2600,0.154,78381.6,509054.3,4.466,16.376,3.667,1.672,3.294,6,22,-0.894,0
F_HET_1,HET,2000,2800,0.0577,27173.9,470951.7,8.588,25.765,3.0,1.958,2.723,4,12,-0.617,0
F_HET_1,HET,2200,0,0.09,47101.4,523494.9,6.193,17.342,2.8,1.737,3.102,5,14,-1.818,0
F_HET_1,HET,2200,200,0.1429,63888.9,447166.3,4.566,17.351,3.8,1.96,3.577,5,19,-1.125,0
F_HET_1,HET,2200,400,0.1806,84903.4,470118.4,4.123,20.616,5.0,1.788,2.944,6,30,1.454,0
F_HET_1,HET,2200,600,0.1159,63888.9,551360.4,2.74,22.83,8.333,1.684,2.72,3,25,4.471,3
F_HET_1,HET,2200,800,0.1373,81642.5,594845.3,2.859,17.151,6.0,1.552,3.848,4,24,0.308,2
F_HET_1,HET,2200,1000,0.2472,117512.1,475468.7,3.475,16.881,4.857,2.35,2.866,7,34,1.015,1
F_HET_1,HET,2200,1200,0.2082,115096.6,552751.2,3.042,13.687,4.5,1.651,3.609,6,27,-0.833,2
F_HET_1,HET,2200,1400,0.1383,77415.5,559967.2,3.768,24.117,6.4,1.586,3.262,5,32,2.561,0
F_HET_1,HET,2200,1600,0.1831,103140.1,563376.2,7.92,19.233,2.429,1.698,2.797,14,34,-2.153,0
F_HET_1,HET,2200,1800,0.1537,79468.6,517037.1,3.671,20.557,5.6,1.671,3.116,5,28,1.675,0
F_HET_1,HET,2200,2000,0.1674,97101.4,579969.8,3.605,20.429,5.667,1.657,3.538,6,34,1.027,0
F_HET_1,HET,2200,2200,0.162,81159.4,500906.8,4.313,17.972,4.167,1.782,3.267,6,25,-0.164,0
F_HET_1,HET,2200,2400,0.1555,86473.4,556009.8,6.747,18.892,2.8,1.591,3.322,10,28,-2.157,0
F_HET_1,HET,2200,2600,0.1049,60990.3,581414.1,3.826,13.393,3.5,1.661,3.361,4,14,-1.387,2
F_HET_1,HET,2400,0,0.074,41183.6,556534.8,4.25,19.834,4.667,1.511,2.844,3,14,1.214,0
F_HET_1,HET,2400,200,0.1505,86473.4,574383.5,5.398,16.193,3.0,1.534,2.569,8,24,-0.636,0
F_HET_1,HET,2400,400,0.202,103985.5,514779.7,3.366,18.516,5.5,1.776,3.637,6,33,0.482,2
F_HET_1,HET,2400,600,0.124,70410.6,567827.6,4.972,18.23,3.667,1.666,3.219,6,22,-0.644,0
F_HET_1,HET,2400,800,0.1801,99879.2,554653.5,5.257,15.188,2.889,1.691,3.252,9,26,-1.941,0
F_HET_1,HET,2400,1000,0.1843,97343.0,528176.9,5.394,17.981,3.333,1.929,2.854,9,30,-0.521,0
F_HET_1,HET,2400,1200,0.1698,91908.2,541273.3,5.713,16.505,2.889,1.706,3.745,9,26,-2.714,0
F_HET_1,HET,2400,1400,0.1657,86473.4,521788.7,4.048,20.241,5.0,1.738,3.091,6,30,1.171,0
F_HET_1,HET,2400,1600,0.1946,99033.8,508844.3,2.357,17.674,7.5,2.124,2.988,4,30,2.689,3
F_HET_1,HET,2400,1800,0.2167,120531.4,556149.0,5.809,12.586,2.167,1.822,3.442,12,26,-3.544,1
F_HET_1,HET,2400,2000,0.1352,71980.7,532499.9,1.621,16.211,10.0,1.673,3.57,2,20,2.726,3
F_HET_1,HET,2400,2200,0.236,124033.8,525511.4,3.763,13.171,3.5,2.034,3.116,8,28,-1.004,1
F_HET_1,HET,2400,2400,0.0461,27173.9,588817.2,4.294,19.324,4.5,1.74,3.135,2,9,0.524,0
F_HET_1,HET,2600,200,0.2106,109782.6,521223.1,3.189,13.286,4.167,1.999,2.757,6,25,0.228,1
F_HET_1,HET,2600,400,0.2354,117632.9,499661.7,5.456,19.839,3.636,1.927,2.997,11,40,-0.214,0
F_HET_1,HET,2600,600,0.2091,111473.4,533174.4,3.664,14.655,4.0,1.863,3.122,7,28,-0.394,1
F_HET_1,HET,2600,800,0.1431,82971.0,579811.4,2.813,19.689,7.0,1.564,3.238,4,28,2.32,3
F_HET_1,HET,2600,1000,0.2029,113888.9,561443.9,4.611,14.344,3.111,1.722,3.279,9,28,-1.682,0
F_HET_1,HET,2600,1200,0.1642,94202.9,573708.3,2.477,15.484,6.25,1.695,3.253,4,25,1.189,2
F_HET_1,HET,2600,1400,0.1381,73430.0,531715.8,2.384,18.275,7.667,1.715,3.737,3,23,1.67,3
F_HET_1,HET,2600,1600,0.1844,96256.0,522066.7,3.031,20.003,6.6,1.813,3.618,5,33,1.5,3
F_HET_1,HET,2600,1800,0.2045,122463.8,598771.6,4.764,15.722,3.3,1.659,2.852,10,33,-0.677,0
F_HET_1,HET,2600,2000,0.2553,129951.7,509015.6,4.49,15.714,3.5,1.867,3.618,10,35,-1.662,0
F_HET_1,HET,2600,2200,0.0587,33333.3,567617.4,5.251,14.003,2.667,1.802,3.238,3,8,-2.295,1
F_HET_1,HET,2800,200,0.0869,51449.3,591881.2,3.402,11.34,3.333,1.672,2.841,3,10,-0.839,1
F_HET_1,HET,2800,400,0.1804,86352.7,478739.6,4.73,14.864,3.143,1.953,3.282,7,22,-1.624,1
F_HET_1,HET,2800,600,0.1519,87922.7,579010.2,3.982,15.263,3.833,1.558,3.637,6,23,-1.346,2
F_HET_1,HET,2800,800,0.1421,75241.5,529404.0,3.102,13.182,4.25,1.702,3.594,4,17,-1.065,2
F_HET_1,HET,2800,1000,0.1864,98430.0,528057.7,4.149,17.19,4.143,1.854,2.829,7,29,0.448,0
F_HET_1,HET,2800,1200,0.1563,84903.4,543294.7,5.497,19.928,3.625,1.754,3.161,8,29,-0.488,0
F_HET_1,HET,2800,1400,0.1728,97222.2,562710.0,3.601,14.403,4.0,1.736,3.974,6,24,-1.794,2
F_HET_1,HET,2800,1600,0.152,78140.1,513910.5,2.987,20.16,6.75,1.7,3.395,4,27,1.983,3
F_HET_1,HET,2800,1800,0.1868,109903.4,588269.1,5.309,12.21,2.3,1.689,3.162,10,23,-2.799,1
F_HET_1,HET,2800,2000,0.0757,36594.2,483570.6,1.594,23.915,15.0,1.845,2.876,1,15,7.549,3
F_HET_1,HET,3000,200,0.0649,32971.0,605250.4,1.77,14.157,8.0,1.352,2.851,1,8,2.579,3
F_HET_1,HET,3000,400,0.1497,70893.7,563879.3,3.292,14.814,4.5,1.483,4.285,4,18,-1.809,2
F_HET_1,HET,3000,600,0.1096,54227.1,588784.5,5.38,23.67,4.4,1.487,3.17,5,22,0.805,0
F_HET_1,HET,3000,800,0.1037,44806.8,514429.0,5.209,23.438,4.5,1.544,2.933,4,18,1.281,0
F_HET_1,HET,3000,1000,0.1343,55676.3,493693.9,2.096,22.006,10.5,1.637,3.453,2,21,4.251,3
F_HET_1,HET,3000,1200,0.1257,57367.1,543120.9,2.034,21.358,10.5,1.583,3.352,2,21,4.29,3
F_HET_1,HET,3000,1400,0.1283,55917.9,518718.7,4.174,22.955,5.5,1.651,3.277,4,22,1.652,0
F_HET_1,HET,3000,1600,0.1604,67753.6,502996.5,1.722,16.361,9.5,1.705,4.264,2,19,1.401,3
F_HET_1,HET,3000,1800,0.1137,45772.9,479297.9,1.275,17.845,14.0,1.694,3.798,1,14,4.373,3
F_HET_3,HET,0,0,0.2178,118599.0,544531.8,4.428,17.71,4.0,1.888,2.578,9,36,0.748,0
F_HET_3,HET,0,200,0.1174,73067.6,622514.4,2.395,19.164,8.0,1.469,4.03,3,24,1.53,3
F_HET_3,HET,0,400,0.1267,77777.8,614115.9,3.751,20.254,5.4,1.483,4.02,5,27,0.011,2
F_HET_3,HET,0,600,0.1779,112681.2,633307.1,4.66,20.711,4.444,1.372,2.506,9,40,1.629,0
F_HET_3,HET,0,800,0.2227,113285.0,508688.9,6.18,15.966,2.583,1.691,2.861,12,31,-1.847,0
F_HET_3,HET,0,1000,0.3939,188043.5,477419.2,3.413,12.411,3.636,2.725,2.867,11,40,-0.51,1
F_HET_3,HET,0,1200,0.0535,28985.5,541785.2,4.026,8.052,2.0,2.585,2.365,2,4,-1.798,1
F_HET_3,HET,200,0,0.3032,150120.8,495121.3,4.664,12.048,2.583,2.458,2.851,12,31,-1.796,1
F_HET_3,HET,200,200,0.1121,57004.8,508631.1,5.117,24.564,4.8,1.539,3.903,5,24,0.166,0
F_HET_3,HET,200,400,0.0844,52294.7,619788.9,4.463,18.967,4.25,1.524,4.465,4,17,-1.922,2
F_HET_3,HET,200,600,0.1143,78985.5,691036.8,2.216,16.251,7.333,1.353,3.965,3,22,0.782,2
F_HET_3,HET,200,800,0.2095,113888.9,543687.3,3.074,16.906,5.5,1.744,3.702,6,33,0.163,2
F_HET_3,HET,200,1000,0.1274,66787.4,524234.2,5.242,20.092,3.833,1.722,2.94,6,23,0.158,0
F_HET_3,HET,200,1200,0.2644,109541.1,414339.7,3.728,12.783,3.429,2.72,3.424,7,24,-1.603,1
F_HET_3,HET,200,1400,0.0432,15458.9,357845.8,3.774,22.645,6.0,1.736,3.441,1,6,1.752,0
F_HET_3,HET,400,0,0.1154,63526.6,550609.5,2.755,12.858,4.667,1.956,4.178,3,14,-1.714,2
F_HET_3,HET,400,200,0.1607,107971.0,671774.9,4.863,16.211,3.333,1.398,4.783,9,30,-3.734,2
F_HET_3,HET,400,400,0.186,120048.3,645334.3,3.888,12.636,3.25,1.464,3.943,8,26,-2.652,2
F_HET_3,HET,400,600,0.1011,73430.0,726669.5,2.384,15.097,6.333,1.287,3.974,3,19,0.015,2
F_HET_3,HET,400,800,0.1751,123792.3,707182.4,4.242,13.197,3.111,1.347,4.236,9,28,-3.272,2
F_HET_3,HET,400,1000,0.1091,69323.7,635559.7,2.525,15.149,6.0,1.425,3.651,3,18,0.341,2
F_HET_3,HET,400,1200,0.0915,57367.1,627134.7,5.085,19.324,3.8,1.432,4.285,5,19,-2.12,2
F_HET_3,HET,400,1400,0.1513,89975.8,594685.0,6.484,20.75,3.2,1.685,2.807,10,32,-0.527,0
F_HET_3,HET,400,1600,0.184,99879.2,542895.6,1.168,17.524,15.0,1.675,3.358,2,30,5.416,3
F_HET_3,HET,400,1800,0.0573,22463.8,392380.2,7.792,31.167,4.0,1.617,2.223,3,12,2.473,0
F_HET_3,HET,600,0,0.1615,106280.2,657878.0,6.039,16.469,2.727,1.577,3.282,11,30,-2.253,0
F_HET_3,HET,600,200,0.1575,89372.0,567441.1,5.223,20.89,4.0,1.669,3.438,8,32,-0.373,0
F_HET_3,HET,600,400,0.1323,89009.7,672659.5,1.966,13.765,7.0,1.375,5.06,3,21,-1.572,2
F_HET_3,HET,600,600,0.095,62439.6,657432.1,3.738,18.688,5.0,1.278,6.129,4,20,-3.934,2
F_HET_3,HET,600,800,0.1452,84299.5,580575.2,5.537,20.763,3.75,1.556,2.839,8,30,0.263,0
F_HET_3,HET,600,1000,0.1323,86835.7,656478.9,3.359,17.469,5.2,1.387,4.743,5,26,-1.675,2
F_HET_3,HET,600,1200,0.1116,57608.7,516091.3,4.051,16.204,4.0,1.724,3.922,4,16,-1.556,2
F_HET_3,HET,600,1400,0.1316,77415.5,588151.6,0.754,15.827,21.0,1.495,3.695,1,21,6.754,3
F_HET_3,HET,600,1600,0.1415,65096.6,460046.8,4.481,21.511,4.8,1.708,3.071,5,24,1.164,0
F_HET_3,HET,600,1800,0.2554,141425.1,553848.1,6.188,18.977,3.067,1.682,2.603,15,46,-0.495,0
F_HET_3,HET,600,2000,0.512,230314.0,449876.0,5.826,6.586,1.13,2.708,2.866,23,26,-4.522,1
F_HET_3,HET,600,2200,0.0319,13043.5,409207.2,0.0,35.785,8.0,2.031,3.855,0,8,7.746,3
F_HET_3,HET,800,0,0.1406,87922.7,625561.8,6.636,17.917,2.7,1.733,2.761,10,27,-1.457,0
F_HET_3,HET,800,200,0.165,92874.4,562960.4,4.397,17.59,4.0,1.586,3.94,7,28,-1.466,2
F_HET_3,HET,800,400,0.1077,67632.9,628120.3,2.588,18.979,7.333,1.366,4.377,3,22,0.561,2
F_HET_3,HET,800,600,0.1636,107246.4,655440.0,4.352,17.409,4.0,1.377,3.22,8,32,-0.317,0
F_HET_3,HET,800,800,0.1321,73430.0,555866.4,3.178,20.659,6.5,1.638,3.394,4,26,1.896,3
F_HET_3,HET,800,1000,0.1774,104710.1,590248.8,5.572,13.93,2.5,1.52,3.98,10,25,-3.793,2
F_HET_3,HET,800,1200,0.1025,60628.0,591637.2,1.925,16.36,8.5,1.45,4.853,2,17,-0.031,2
F_HET_3,HET,800,1400,0.1261,78502.4,622541.0,2.973,15.608,5.25,1.454,5.153,4,21,-2.536,2
F_HET_3,HET,800,1600,0.1187,63647.3,536429.4,3.667,22.917,6.25,1.591,3.159,4,25,2.437,0
F_HET_3,HET,800,1800,0.1515,85628.0,565294.7,5.451,17.034,3.125,1.567,3.749,8,25,-2.324,0
F_HET_3,HET,800,2000,0.1694,89130.4,525998.4,5.237,18.329,3.5,1.713,2.366,8,28,0.524,0
F_HET_3,HET,800,2200,0.2183,97463.8,446518.2,3.592,20.353,5.667,2.081,2.658,6,34,2.441,0
F_HET_3,HET,800,2400,0.2189,115458.9,527450.6,4.043,8.085,2.0,2.097,3.259,8,16,-3.248,1
F_HET_3,HET,1000,0,0.0864,47101.4,544840.4,2.477,19.819,8.0,1.778,2.783,2,16,3.661,3
F_HET_3,HET,1000,200,0.1248,82971.0,664831.8,3.516,16.877,4.8,1.418,3.822,5,24,-0.581,2
F_HET_3,HET,1000,400,0.1127,77415.5,687068.6,3.768,12.058,3.2,1.347,5.973,5,16,-6.021,2
F_HET_3,HET,1000,600,0.1108,69806.8,630024.9,4.179,15.88,3.8,1.441,3.964,5,19,-1.864,2
F_HET_3,HET,1000,800,0.1937,121376.8,626703.6,3.846,14.901,3.875,1.543,3.881,8,31,-1.727,2
F_HET_3,HET,1000,1000,0.2028,144323.7,711830.7,4.851,13.341,2.75,1.458,3.372,12,33,-2.379,0
F_HET_3,HET,1000,1200,0.1034,68840.6,665930.6,4.238,16.951,4.0,1.455,2.89,5,20,0.178,0
F_HET_3,HET,1000,1400,0.1215,83333.3,686153.4,2.1,16.803,8.0,1.443,3.798,3,24,1.5,3
F_HET_3,HET,1000,1600,0.1309,79589.4,608132.7,3.665,20.526,5.6,1.408,3.486,5,28,1.072,0
F_HET_3,HET,1000,1800,0.0964,45772.9,475069.5,2.549,20.394,8.0,1.522,2.981,2,16,3.439,3
F_HET_3,HET,1000,2000,0.0671,43719.8,651319.3,4.004,26.69,6.667,1.394,3.339,3,20,3.027,0
F_HET_3,HET,1000,2200,0.0884,48309.2,546638.5,1.208,19.324,16.0,1.392,3.958,1,16,5.22,3
F_HET_3,HET,1000,2400,0.1112,59299.5,533269.0,3.936,23.613,6.0,1.589,3.257,4,24,2.187,0
F_HET_3,HET,1000,2600,0.1178,59782.6,507492.4,3.904,18.543,4.75,1.808,4.291,4,19,-1.195,2
F_HET_3,HET,1000,2800,0.1575,70289.9,446426.5,4.15,21.581,5.2,2.096,2.661,5,26,2.21,0
F_HET_3,HET,1000,3000,0.1487,65096.6,520981.3,6.274,17.925,2.857,1.688,3.1,7,20,-1.701,0
F_HET_3,HET,1200,0,0.1127,67512.1,599308.3,6.914,16.42,2.375,1.594,2.914,8,19,-2.393,0
F_HET_3,HET,1200,200,0.1253,69686.0,555931.3,4.186,22.606,5.4,1.592,4.283,5,27,-0.109,2
F_HET_3,HET,1200,400,0.1067,74637.7,699182.0,3.909,16.416,4.2,1.366,4.462,5,21,-2.21,2
F_HET_3,HET,1200,600,0.1716,107850.2,628497.9,3.787,9.738,2.571,1.491,4.74,7,18,-4.849,2
F_HET_3,HET,1200,800,0.1304,79830.9,612317.7,3.654,11.694,3.2,1.494,3.254,5,16,-1.635,2
F_HET_3,HET,1200,1000,0.1779,112801.9,633896.8,5.69,16.551,2.909,1.538,3.56,11,32,-2.38,0
F_HET_3,HET,1200,1200,0.0981,60265.7,614485.9,3.872,15.49,4.0,1.405,6.478,4,16,-5.754,2
F_HET_3,HET,1200,1400,0.154,87318.8,566821.4,5.345,20.713,3.875,1.619,2.97,8,31,0.213,0
F_HET_3,HET,1200,1600,0.1756,93236.7,531112.0,2.503,15.018,6.0,1.738,3.417,4,24,0.701,2
F_HET_3,HET,1200,1800,0.102,72705.3,712622.5,3.21,13.642,4.25,1.33,4.068,4,17,-1.788,2
F_HET_3,HET,1200,2000,0.0735,46980.7,639410.4,1.242,22.354,18.0,1.353,4.714,1,18,5.432,3
F_HET_3,HET,1200,2200,0.1016,55314.0,544429.2,5.274,23.205,4.4,1.498,2.51,5,22,1.827,0
F_HET_3,HET,1200,2400,0.075,45410.6,605475.0,2.57,20.557,8.0,1.314,3.165,2,16,3.169,3
F_HET_3,HET,1200,2600,0.0688,36715.0,534036.0,1.589,23.837,15.0,1.398,2.744,1,15,7.746,3
F_HET_3,HET,1200,2800,0.0933,49154.6,526703.3,3.561,17.804,5.0,1.361,4.282,3,15,-1.05,2
F_HET_3,HET,1200,3000,0.1915,86111.1,535350.4,4.743,19.649,4.143,1.652,2.866,7,29,0.613,0
F_HET_3,HET,1400,200,0.2078,125845.4,605608.3,4.173,14.372,3.444,1.593,3.214,9,31,-1.155,0
F_HET_3,HET,1400,400,0.1023,65821.3,643414.0,5.318,26.592,5.0,1.472,2.633,6,30,2.674,0
F_HET_3,HET,1400,600,0.1948,124154.6,637507.5,3.759,17.388,4.625,1.473,3.008,8,37,0.642,0
F_HET_3,HET,1400,800,0.1397,90700.5,649135.7,3.216,16.082,5.0,1.454,4.58,5,25,-1.738,2
F_HET_3,HET,1400,1000,0.1672,106038.6,634297.3,2.751,13.205,4.8,1.454,3.67,5,24,-0.754,2
F_HET_3,HET,1400,1200,0.1171,77536.2,661995.6,3.01,15.802,5.25,1.443,3.207,4,21,0.639,2
F_HET_3,HET,1400,1400,0.1674,100120.8,598182.4,3.496,18.648,5.333,1.643,3.297,6,32,0.92,0
F_HET_3,HET,1400,1600,0.2434,135628.0,557337.2,4.302,13.336,3.1,1.73,3.278,10,31,-1.731,1
F_HET_3,HET,1400,1800,0.0897,63768.1,710508.3,1.83,20.129,11.0,1.299,3.785,2,22,3.582,3
F_HET_3,HET,1400,2000,0.14,82608.7,590062.1,2.825,19.069,6.75,1.515,3.105,4,27,2.282,3
F_HET_3,HET,1400,2200,0.0943,63647.3,675124.3,4.583,20.167,4.4,1.323,3.264,5,22,0.299,0
F_HET_3,HET,1400,2400,0.0868,56280.2,648016.0,2.073,13.477,6.5,1.299,4.956,2,13,-1.722,2
F_HET_3,HET,1400,2600,0.0539,29227.1,541994.5,5.989,25.951,4.333,1.301,2.693,3,13,1.723,0
F_HET_3,HET,1400,2800,0.0818,52777.8,645402.4,4.422,18.793,4.25,1.398,4.251,4,17,-1.592,2
F_HET_3,HET,1400,3000,0.179,80555.6,535608.7,4.346,18.107,4.167,1.672,2.503,6,25,1.085,0
F_HET_3,HET,1600,200,0.1248,76087.0,609793.3,3.067,19.17,6.25,1.559,3.166,4,25,1.873,0
F_HET_3,HET,1600,400,0.1157,79347.8,685954.8,1.471,16.177,11.0,1.361,3.962,2,22,2.525,3
F_HET_3,HET,1600,600,0.1041,65942.0,633601.0,5.309,23.004,4.333,1.318,2.958,6,26,1.003,0
F_HET_3,HET,1600,800,0.1555,95410.6,613770.5,3.669,17.122,4.667,1.512,3.464,6,28,-0.089,2
F_HET_3,HET,1600,1000,0.089,67512.1,758775.8,1.728,18.148,10.5,1.241,3.907,2,21,2.775,3
F_HET_3,HET,1600,1200,0.1714,111715.0,651684.3,5.745,13.579,2.364,1.522,3.258,11,26,-2.88,0
F_HET_3,HET,1600,1400,0.1499,92029.0,613833.5,5.706,19.653,3.444,1.48,3.521,9,31,-1.347,0
F_HET_3,HET,1600,1600,0.2111,121497.6,575545.2,3.361,15.367,4.571,1.722,3.264,7,32,-0.038,0
F_HET_3,HET,1600,1800,0.1707,111111.1,650914.5,3.151,16.803,5.333,1.486,3.257,6,32,0.747,2
F_HET_3,HET,1600,2000,0.1389,97463.8,701809.3,4.19,11.973,2.857,1.371,5.447,7,20,-5.599,2
F_HET_3,HET,1600,2200,0.1538,93599.0,608576.3,4.363,19.324,4.429,1.489,3.289,7,31,0.203,0
F_HET_3,HET,1600,2400,0.0906,50000.0,551572.0,2.334,18.67,8.0,1.518,3.731,2,16,1.929,3
F_HET_3,HET,1600,2600,0.1135,76932.4,677967.5,3.034,17.443,5.75,1.331,4.245,4,23,-0.465,2
F_HET_3,HET,1600,2800,0.0872,51932.4,595554.7,4.494,20.222,4.5,1.386,3.312,4,18,0.331,0
F_HET_3,HET,1600,3000,0.2391,106763.3,531623.5,5.465,19.127,3.5,1.655,3.274,10,35,-0.898,0
F_HET_3,HET,1800,200,0.1673,107850.2,644844.5,5.951,17.311,2.909,1.536,2.987,11,32,-1.436,0
F_HET_3,HET,1800,400,0.154,93357.5,606217.5,4.375,16.874,3.857,1.515,3.307,7,27,-0.66,0
F_HET_3,HET,1800,600,0.1209,81884.1,677147.5,5.7,14.25,2.5,1.393,4.249,8,20,-4.234,2
F_HET_3,HET,1800,800,0.103,74758.5,725810.2,3.122,16.389,5.25,1.144,5.55,4,21,-3.08,2
F_HET_3,HET,1800,1000,0.1085,72463.8,668022.8,0.805,15.298,19.0,1.44,3.375,1,19,6.422,3
F_HET_3,HET,1800,1200,0.089,65700.5,738415.1,7.104,19.537,2.75,1.355,3.249,8,22,-2.135,0
F_HET_3,HET,1800,1400,0.1255,75724.6,603383.6,2.311,21.573,9.333,1.403,3.573,3,28,3.401,3
F_HET_3,HET,1800,1600,0.201,132004.8,656740.5,4.42,16.796,3.8,1.469,3.062,10,38,-0.333,0
F_HET_3,HET,1800,1800,0.1437,86956.5,605020.2,4.026,20.129,5.0,1.512,3.482,6,30,0.524,0
F_HET_3,HET,1800,2000,0.079,51207.7,647789.1,3.418,18.23,5.333,1.386,2.937,3,16,1.449,0
F_HET_3,HET,1800,2200,0.1768,115700.5,654507.0,7.06,18.658,2.643,1.486,2.893,14,37,-1.791,0
F_HET_3,HET,1800,2400,0.121,80434.8,664887.6,4.352,11.606,2.667,1.389,3.699,6,16,-3.04,2
F_HET_3,HET,1800,2600,0.0895,57850.2,646371.4,3.026,21.179,7.0,1.362,3.678,3,21,1.845,3
F_HET_3,HET,1800,2800,0.1505,87801.9,583595.4,5.316,23.258,4.375,1.576,3.316,8,35,0.498,0
F_HET_3,HET,1800,3000,0.265,114251.2,513200.3,3.575,16.852,4.714,1.973,3.007,7,33,0.662,0
F_HET_3,HET,2000,0,0.0646,40217.4,622319.4,2.901,24.662,8.5,1.906,2.234,2,17,5.675,3
F_HET_3,HET,2000,200,0.2141,124516.9,581650.9,7.028,16.4,2.333,1.648,3.197,15,35,-2.949,0
F_HET_3,HET,2000,400,0.1818,110144.9,605774.4,4.767,20.129,4.222,1.547,3.533,9,38,-0.333,0
F_HET_3,HET,2000,600,0.1781,112922.7,634041.0,3.617,16.534,4.571,1.517,2.802,7,32,0.835,0
F_HET_3,HET,2000,800,0.1212,73309.2,604611.8,2.388,17.509,7.333,1.368,3.153,3,22,2.302,3
F_HET_3,HET,2000,1000,0.0885,57004.8,644486.5,4.094,20.47,5.0,1.331,3.592,4,20,0.387,0
F_HET_3,HET,2000,1200,0.093,57367.1,617182.9,4.068,23.392,5.75,1.453,3.87,4,23,0.962,0
F_HET_3,HET,2000,1400,0.0867,54830.9,632421.2,4.256,19.153,4.5,1.382,4.068,4,18,-1.004,2
F_HET_3,HET,2000,1600,0.13,76087.0,585509.5,3.067,16.87,5.5,1.534,3.424,4,22,0.609,2
F_HET_3,HET,2000,1800,0.2059,129710.1,629813.8,3.598,17.093,4.75,1.539,2.795,8,38,1.064,0
F_HET_3,HET,2000,2000,0.1574,94806.8,602330.1,3.692,20.308,5.5,1.528,3.217,6,33,1.399,0
F_HET_3,HET,2000,2200,0.0794,41908.2,527811.2,2.784,25.06,9.0,1.432,3.788,2,18,3.512,3
F_HET_3,HET,2000,2400,0.1384,81884.1,591434.1,3.563,19.951,5.6,1.538,3.642,5,28,0.742,2
F_HET_3,HET,2000,2600,0.1728,110990.3,642212.3,4.205,16.821,4.0,1.505,3.651,8,32,-1.065,2
F_HET_3,HET,2000,2800,0.1678,105917.9,631215.0,5.508,21.483,3.9,1.551,3.059,10,39,0.163,0
F_HET_3,HET,2000,3000,0.2081,92995.2,531932.9,2.51,18.822,7.5,1.676,3.872,4,30,1.449,3
F_HET_3,HET,2200,200,0.1765,97463.8,552202.7,2.395,11.973,5.0,1.936,3.192,4,20,0.016,1
F_HET_3,HET,2200,400,0.2595,143236.7,551918.8,4.888,14.664,3.0,1.71,3.242,12,36,-1.768,0
F_HET_3,HET,2200,600,0.1691,82608.7,488375.4,2.119,18.363,8.667,2.166,3.615,3,26,2.412,3
F_HET_3,HET,2200,800,0.115,71014.5,617249.0,5.751,22.183,3.857,1.447,2.999,7,27,0.259,0
F_HET_3,HET,2200,1000,0.0805,55434.8,688417.0,4.21,17.892,4.25,1.33,3.978,4,17,-1.237,2
F_HET_3,HET,2200,1200,0.0766,35507.2,463389.8,0.0,21.361,13.0,1.501,3.616,0,13,6.113,3
F_HET_3,HET,2200,1400,0.0815,52294.7,641259.2,4.463,22.314,5.0,1.393,3.482,4,20,0.786,0
F_HET_3,HET,2200,1600,0.0979,52898.6,540332.5,3.309,20.956,6.333,1.598,3.501,3,19,1.653,0
F_HET_3,HET,2200,1800,0.1401,101087.0,721791.9,3.463,18.469,5.333,1.323,3.963,6,32,-0.181,2
F_HET_3,HET,2200,2000,0.1409,83695.7,594218.3,4.88,21.61,4.429,1.626,2.721,7,31,1.356,0
F_HET_3,HET,2200,2200,0.1197,83212.6,695175.9,5.609,21.034,3.75,1.349,3.428,8,30,-0.67,0
F_HET_3,HET,2200,2400,0.0644,40338.2,625883.1,1.446,24.589,17.0,1.356,2.834,1,17,8.572,3
F_HET_3,HET,2200,2600,0.1116,64251.2,575727.7,1.816,19.069,10.5,1.585,2.955,2,21,4.493,3
F_HET_3,HET,2200,2800,0.0958,50603.9,528086.2,3.459,26.518,7.667,1.655,3.229,3,23,3.876,3
F_HET_3,HET,2200,3000,0.2153,90458.9,500256.8,6.45,17.415,2.7,1.897,3.359,10,27,-2.427,0
F_HET_3,HET,2400,400,0.5354,189975.8,354846.3,2.457,6.757,2.75,5.16,3.415,8,22,-2.496,1
F_HET_3,HET,2400,600,0.4823,217391.3,450738.8,3.489,9.93,2.846,3.047,2.726,13,37,-1.241,1
F_HET_3,HET,2400,800,0.1371,87198.1,636018.0,4.684,19.404,4.143,1.519,4.087,7,29,-1.386,2
F_HET_3,HET,2400,1000,0.1206,74033.8,613879.1,3.94,15.762,4.0,1.534,3.995,5,20,-1.712,2
F_HET_3,HET,2400,1200,0.1143,64372.0,563061.3,5.438,22.659,4.167,1.677,2.769,6,25,1.075,0
F_HET_3,HET,2400,1400,0.2716,171618.4,631937.2,6.799,14.279,2.1,1.664,2.71,20,42,-2.628,0
F_HET_3,HET,2400,1600,0.1702,100966.2,593133.7,4.623,13.869,3.0,1.722,3.147,8,24,-1.637,1
F_HET_3,HET,2400,1800,0.1216,79830.9,656774.3,2.923,16.81,5.75,1.435,3.404,4,23,0.809,2
F_HET_3,HET,2400,2000,0.1135,74033.8,651993.1,6.305,14.973,2.375,1.429,3.384,8,19,-3.107,0
F_HET_3,HET,2400,2200,0.2054,112077.3,545521.0,3.644,17.699,4.857,1.89,2.667,7,34,1.432,0
F_HET_3,HET,2400,2400,0.127,60386.5,475671.3,5.797,20.29,3.5,2.043,2.568,6,21,0.316,0
F_HET_3,HET,2400,2600,0.1415,87560.4,618801.3,5.331,15.992,3.0,1.516,3.665,8,24,-2.416,0
F_HET_3,HET,2400,2800,0.163,95652.2,586823.2,3.66,17.689,4.833,1.662,3.863,6,29,-0.526,2
F_HET_3,HET,2400,3000,0.1988,88405.8,529296.8,3.96,18.479,4.667,1.855,2.273,6,28,1.989,0
F_HET_3,HET,2600,400,0.0649,22343.0,344400.7,0.0,5.223,2.0,3.855,3.659,0,2,-1.848,1
F_HET_3,HET,2600,600,0.2517,124758.5,495712.5,1.871,14.965,8.0,2.178,3.493,4,32,1.678,3
F_HET_3,HET,2600,800,0.1477,97101.4,657201.0,5.408,16.223,3.0,1.531,3.229,9,27,-1.704,0
F_HET_3,HET,2600,1000,0.1055,65096.6,617175.8,4.481,20.614,4.6,1.434,2.767,5,23,1.357,0
F_HET_3,HET,2600,1200,0.1866,101449.3,543745.3,3.451,14.953,4.333,2.012,3.16,6,26,-0.119,1
F_HET_3,HET,2600,1400,0.3997,191183.6,478287.8,6.714,12.207,1.818,2.574,2.953,22,40,-3.592,1
F_HET_3,HET,2600,1600,0.286,147222.2,514763.0,3.963,17.041,4.3,2.127,2.693,10,43,0.811,1
F_HET_3,HET,2600,1800,0.1736,102415.5,590035.8,3.988,17.66,4.429,1.625,2.821,7,31,0.79,0
F_HET_3,HET,2600,2000,0.0863,53260.9,617159.6,5.477,25.195,4.6,1.324,3.145,5,23,1.24,0
F_HET_3,HET,2600,2200,0.2448,140338.2,573218.3,2.91,15.798,5.429,1.777,3.286,7,38,0.64,2
F_HET_3,HET,2600,2400,0.3586,184299.5,513941.8,5.382,12.03,2.235,2.144,2.951,17,38,-2.576,1
F_HET_3,HET,2600,2600,0.1148,72826.1,634097.4,1.602,24.034,15.0,1.389,3.148,2,30,7.134,3
F_HET_3,HET,2600,2800,0.2363,129589.4,548468.4,5.403,18.459,3.417,1.92,2.4,12,41,0.359,0
F_HET_3,HET,2600,3000,0.055,28260.9,612038.3,4.129,30.967,7.5,1.491,2.394,2,15,5.855,0
F_HET_3,HET,2800,400,0.0532,29951.7,562737.3,3.896,19.48,5.0,1.933,2.367,2,10,2.251,0
F_HET_3,HET,2800,600,0.3495,178985.5,512118.8,5.216,9.453,1.812,2.509,2.848,16,29,-3.102,1
F_HET_3,HET,2800,800,0.145,88405.8,609800.3,3.3,19.139,5.8,1.514,2.76,5,29,2.209,0
F_HET_3,HET,2800,1000,0.0986,56038.6,568343.3,2.082,24.988,12.0,1.522,3.229,2,24,5.9,3
F_HET_3,HET,2800,1200,0.366,193115.9,527603.1,5.74,16.315,2.842,2.448,2.307,19,54,-0.47,1
F_HET_3,HET,2800,1400,0.373,187681.2,503234.1,5.285,12.435,2.353,2.526,2.634,17,40,-1.851,1
F_HET_3,HET,2800,1600,0.1196,58574.9,489858.9,1.992,15.937,8.0,2.028,3.232,2,16,2.268,3
F_HET_3,HET,2800,1800,0.2016,117391.3,582370.4,3.976,16.898,4.25,1.704,2.544,8,34,0.99,0
F_HET_3,HET,2800,2000,0.4,196497.6,491274.7,3.86,10.986,2.846,2.396,3.236,13,37,-2.05,1
F_HET_3,HET,2800,2200,0.1171,63647.3,543762.0,5.5,19.25,3.5,1.787,2.602,6,21,0.198,0
F_HET_3,HET,2800,2400,0.1541,74033.8,480505.1,6.305,14.973,2.375,2.461,2.894,8,19,-2.313,1
F_HET_3,HET,2800,2600,0.2632,126570.0,480889.2,5.532,14.29,2.583,2.347,2.853,12,31,-1.82,1
F_HET_3,HET,2800,2800,0.0676,42029.0,621730.6,5.553,13.882,2.5,1.812,2.253,4,10,-0.996,1
F_HET_3,HET,3000,600,0.0813,35748.8,523216.9,3.264,21.217,6.5,1.606,3.714,2,13,1.463,3
F_HET_3,HET,3000,800,0.1688,73430.0,517933.0,1.589,23.042,14.5,1.795,3.075,2,29,6.836,3
F_HET_3,HET,3000,1000,0.1656,57367.1,412342.5,2.034,18.307,9.0,2.249,3.6,2,18,2.593,3
F_HET_3,HET,3000,1200,0.115,48067.6,497723.4,4.855,16.993,3.5,2.4,2.83,4,14,-0.309,1
F_HET_3,HET,3000,1800,0.4259,193357.5,540519.9,7.845,8.751,1.115,2.529,2.558,26,29,-4.861,1
F_HET_3,HET,3000,2000,0.5341,212198.1,472943.8,3.024,12.648,4.182,2.85,2.492,11,46,0.612,1
F_HET_3,HET,3000,2200,0.0575,19806.8,409865.8,5.891,11.783,2.0,2.824,3.652,2,4,-4.205,1
